,Word,Count
0,في,18
1,من,12
2,على,10
3,البريكس,9
4,إدارة,8
5,شركة,6
6,مع,6
7,المواقع,5
8,ما,5
9,المتاجر,5
10,متجرك,5
11,وتصميم,5
12,تسويق,4
13,تواصل,4
14,معنا,4
15,جميع,4
16,تصميم,4
17,نحن,4
18,محركات,4
19,أفضل,4
20,خدماتنا,3
21,عنا,3
22,أعمالنا,3
23,أن,3
24,كل,3
25,التسويق,3
26,تطوير,3
27,السوشيال,3
28,فى,3
29,تحسين,3
30,عملائنا,3
31,الكتروني,2
32,السعودية,2
33,الالكتروني,2
34,الرئيسية,2
35,المقالات,2
36,نبذة,2
37,الوظائف,2
38,إستشارة,2
39,مجانية,2
40,الرقمي,2
41,الخاصة,2
42,قصة,2
43,نجاحك,2
44,الخدمات,2
45,التي,2
46,برمجة,2
47,إنشاء,2
48,التعريفية,2
49,بشكل,2
